id,firstname,lastname,email,email2,profession
100,Dorothy,Gino,Dorothy.Gino@yopmail.com,Dorothy.Gino@gmail.com,firefighter
101,Shaine,Fink,Shaine.Fink@yopmail.com,Shaine.Fink@gmail.com,worker
102,Odessa,Stefa,Odessa.Stefa@yopmail.com,Odessa.Stefa@gmail.com,worker
103,Konstance,Saunderson,Konstance.Saunderson@yopmail.com,Konstance.Saunderson@gmail.com,worker
104,Jordan,Adalbert,Jordan.Adalbert@yopmail.com,Jordan.Adalbert@gmail.com,firefighter
105,Ariela,Jorgan,Ariela.Jorgan@yopmail.com,Ariela.Jorgan@gmail.com,firefighter
106,Binny,Azeria,Binny.Azeria@yopmail.com,Binny.Azeria@gmail.com,police officer
107,Rhoda,Regan,Rhoda.Regan@yopmail.com,Rhoda.Regan@gmail.com,worker
108,Antonietta,Bury,Antonietta.Bury@yopmail.com,Antonietta.Bury@gmail.com,developer
109,Verla,Johanna,Verla.Johanna@yopmail.com,Verla.Johanna@gmail.com,worker
110,Eadie,Carolin,Eadie.Carolin@yopmail.com,Eadie.Carolin@gmail.com,doctor
111,Beatriz,Old,Beatriz.Old@yopmail.com,Beatriz.Old@gmail.com,firefighter
112,Carree,Eckblad,Carree.Eckblad@yopmail.com,Carree.Eckblad@gmail.com,police officer
113,Devina,Eckblad,Devina.Eckblad@yopmail.com,Devina.Eckblad@gmail.com,developer
114,Fawne,Gombach,Fawne.Gombach@yopmail.com,Fawne.Gombach@gmail.com,firefighter
115,Brynna,Han,Brynna.Han@yopmail.com,Brynna.Han@gmail.com,firefighter
116,Estell,Nea,Estell.Nea@yopmail.com,Estell.Nea@gmail.com,doctor
117,Gerianna,Catie,Gerianna.Catie@yopmail.com,Gerianna.Catie@gmail.com,doctor
118,Bill,Westphal,Bill.Westphal@yopmail.com,Bill.Westphal@gmail.com,worker
119,Jan,Aurelio,Jan.Aurelio@yopmail.com,Jan.Aurelio@gmail.com,worker
120,Max,Sawtelle,Max.Sawtelle@yopmail.com,Max.Sawtelle@gmail.com,developer
121,Patricia,Han,Patricia.Han@yopmail.com,Patricia.Han@gmail.com,doctor
122,Dorene,Jethro,Dorene.Jethro@yopmail.com,Dorene.Jethro@gmail.com,doctor
123,Bobbi,Westphal,Bobbi.Westphal@yopmail.com,Bobbi.Westphal@gmail.com,firefighter
124,Annaliese,Infield,Annaliese.Infield@yopmail.com,Annaliese.Infield@gmail.com,worker
125,Sophia,Felizio,Sophia.Felizio@yopmail.com,Sophia.Felizio@gmail.com,developer
126,Jemie,Japeth,Jemie.Japeth@yopmail.com,Jemie.Japeth@gmail.com,firefighter
127,Gale,Sacken,Gale.Sacken@yopmail.com,Gale.Sacken@gmail.com,worker
128,Luci,Edison,Luci.Edison@yopmail.com,Luci.Edison@gmail.com,worker
129,Kylynn,Girardo,Kylynn.Girardo@yopmail.com,Kylynn.Girardo@gmail.com,worker
130,Maisey,Vorster,Maisey.Vorster@yopmail.com,Maisey.Vorster@gmail.com,police officer
131,Moyna,Cosenza,Moyna.Cosenza@yopmail.com,Moyna.Cosenza@gmail.com,doctor
132,Estell,Talia,Estell.Talia@yopmail.com,Estell.Talia@gmail.com,worker
133,Barbi,Callista,Barbi.Callista@yopmail.com,Barbi.Callista@gmail.com,firefighter
134,Bernie,Morehouse,Bernie.Morehouse@yopmail.com,Bernie.Morehouse@gmail.com,developer
135,Modestia,Ludewig,Modestia.Ludewig@yopmail.com,Modestia.Ludewig@gmail.com,police officer
136,Averyl,Bates,Averyl.Bates@yopmail.com,Averyl.Bates@gmail.com,worker
137,Madalyn,Raseda,Madalyn.Raseda@yopmail.com,Madalyn.Raseda@gmail.com,doctor
138,Sallie,Gahl,Sallie.Gahl@yopmail.com,Sallie.Gahl@gmail.com,police officer
139,Dagmar,Arne,Dagmar.Arne@yopmail.com,Dagmar.Arne@gmail.com,worker
140,Sean,Nedrud,Sean.Nedrud@yopmail.com,Sean.Nedrud@gmail.com,worker
141,Annice,Suzetta,Annice.Suzetta@yopmail.com,Annice.Suzetta@gmail.com,worker
142,Ardys,Marisa,Ardys.Marisa@yopmail.com,Ardys.Marisa@gmail.com,worker
143,Shaylyn,Yoko,Shaylyn.Yoko@yopmail.com,Shaylyn.Yoko@gmail.com,developer
144,Sherrie,Tomasina,Sherrie.Tomasina@yopmail.com,Sherrie.Tomasina@gmail.com,worker
145,Kamilah,Dash,Kamilah.Dash@yopmail.com,Kamilah.Dash@gmail.com,firefighter
146,Odessa,An,Odessa.An@yopmail.com,Odessa.An@gmail.com,firefighter
147,Diena,Erich,Diena.Erich@yopmail.com,Diena.Erich@gmail.com,worker
148,Wendi,Lea,Wendi.Lea@yopmail.com,Wendi.Lea@gmail.com,worker
149,Melanie,Grobe,Melanie.Grobe@yopmail.com,Melanie.Grobe@gmail.com,worker